349,the legend of zelda breath of the wild,nsw wiiu,nintendo,action adventure,1162,202,60,28,15,12,9,8,2,5,3,1
321,super mario odyssey,nsw,nintendo,action adventure,951,45,145,59,43,17,9,10,7,3,1,2
218,nier automata,pc ps4,rpg,square enix,691,72,38,41,30,23,14,11,8,3,10,1
153,horizon zero dawn,ps4,sony,action adventure,649,56,32,47,29,27,16,15,16,9,4,5
234,persona 5,ps4 ps3,atlus,rpg,632,42,52,34,31,32,23,11,11,5,7,1
390,yakuza 0,ps4,sega,action adventure,334,23,21,23,19,13,8,13,8,6,3,4
52,cuphead,pc xbo,studio mdhr,action,227,4,8,15,21,14,15,12,12,10,8,2
389,xenoblade chronicles 2,nsw,nintendo,rpg,214,7,12,19,14,12,6,4,9,11,5,1
238,playerunknowns battlegrounds,pc xbo,bluehole,shooter,190,17,7,15,5,7,4,8,2,6,8,3
296,splatoon 2,nsw,nintendo,shooter,190,0,5,13,19,11,20,9,12,9,6,4
287,sonic mania,pc ps4 xbo nsw,sega,action,175,3,6,15,12,9,11,11,13,5,7,4
245,prey,pc ps4 xbo,bethesda,shooter,173,9,10,14,5,11,4,4,9,3,9,3
366,uncharted the lost legacy,ps4,sony,action adventure,162,0,11,9,13,13,13,10,7,6,1,0
221,nioh,pc ps4,koei tecmo,action,161,4,10,9,13,6,9,10,7,6,9,1
15,assassins creed origins,pc ps4 xbo,ubisoft,action adventure,149,10,7,5,12,4,8,6,5,4,10,5
182,mario + rabbids kingdom battle,nsw,ubisoft,strategy,146,0,6,8,9,15,10,8,9,14,5,2
152,hollow knight,pc,team cherry,action adventure,138,11,14,6,6,4,2,1,5,1,3,0
190,metroid samus returns,3ds,nintendo,action remake,126,0,5,6,7,12,9,16,4,9,8,3
379,what remains of edith finch,pc ps4 xbo,annapurna interactive,adventure,119,6,4,12,4,8,3,0,6,7,4,2
257,resident evil vii biohazard,pc ps4 xbo,capcom,vr horror,110,3,6,4,10,7,8,7,5,1,5,3
383,wolfenstein ii the new colossus,pc ps4 xbo,bethesda,shooter,102,3,2,4,9,3,10,7,7,8,6,2
68,divinity original sin ii,pc,larian studios,rpg,96,6,5,9,6,3,3,2,1,2,1,0
309,steamworld dig 2,pc ps4 vita nsw,image and form international ab,action adventure,89,1,2,7,8,4,7,6,7,6,1,2
60,destiny 2,pc ps4 xbo,activision blizzard,shooter,85,0,3,7,2,10,1,8,6,6,9,0
432,resident evil 7,PC,Other,Action,84,1,5,7,4,5,5,5,1,5,5,1
143,hellblade senuas sacrifice,pc ps4,ninja theory,action,79,3,0,7,3,7,3,7,4,8,1,0
183,mario kart 8 deluxe,nsw,nintendo,racing remake,75,0,0,3,4,7,10,6,2,7,9,3
130,gravity rush 2,ps4,sony,action adventure,72,2,3,3,2,6,3,8,3,8,5,2
54,danganronpa v3 killing harmony,pc ps4 vita,spike chunsoft,adventure,67,1,7,4,2,5,5,3,1,0,2,1
331,tekken 7,pc ps4 xbo,bandai namco,fighting,67,0,5,3,6,3,4,7,2,2,6,0
421,divinity original sin 2,PC,Other,Action,66,7,2,1,6,3,4,1,1,1,0,0
125,golf story,nsw,sidebar games,rpg simulation,63,0,0,2,8,8,4,5,3,4,5,1
430,legend of zelda breath of the wild,PC,Other,Action,57,9,4,1,1,0,1,0,0,0,2,0
219,night in the woods,pc ps4 xbo,finji,action adventure,56,3,2,2,4,5,1,2,5,4,1,0
444,resident evil 7 biohazard,PC,Other,Action,54,1,6,5,1,3,1,4,1,1,1,1
248,puyo puyo tetris,ps4 nsw,sega,puzzle,52,1,0,3,4,5,5,4,1,3,3,1
14,arms,nsw,nintendo,fighting,46,0,0,0,3,5,5,7,6,5,2,3
101,final fantasy xii the zodiac age,pc ps4 ps3,square enix,rpg,46,1,2,1,3,5,4,1,1,2,5,1
420,doki doki literature clu,PC,Other,Action,43,1,1,3,2,2,5,2,3,0,4,1
157,injustice 2,ps4 xbo ios and,wb,fighting,42,1,1,2,1,4,3,3,4,3,3,0
249,pyre,pc ps4,supergiant games,rpg,42,1,2,3,3,1,4,1,2,3,1,1
330,tales of berseria,pc ps4,bandai namco,rpg,40,0,3,3,3,2,0,4,3,4,1,2
342,the evil within 2,pc ps4 xbo,bethesda,horror,39,0,1,1,3,6,2,2,6,2,1,2
461,mario odyssey,PC,Other,Action,39,2,5,3,2,1,0,0,0,0,1,0
102,final fantasy xiv stormblood,pc ps4 ps3,square enix,rpg,38,0,4,3,2,3,1,3,2,0,0,0
104,fire emblem echoes shadows of valentia,3ds,nintendo,strategy remake,38,1,2,0,4,0,4,3,4,4,1,2
463,uncharted lost legacy,PC,Other,Action,37,0,2,3,4,1,2,4,2,1,1,0
175,life is strange before the storm,pc ps4 xbo,square enix,adventure,35,2,0,2,3,3,1,2,4,1,0,0
289,south park the fractured but whole,pc ps4 xbo,ubisoft,rpg,35,1,1,1,3,2,2,6,3,1,1,0
306,stardew valley,nsw,chucklefish games,simulation remake,33,0,1,2,2,4,3,1,2,2,1,1
391,yakuza kiwami,ps4,sega,action adventure,33,0,0,0,4,2,4,3,3,4,3,1
49,crash bandicoot n. sane trilogy,ps4,activision blizzard,action remake,31,0,0,2,1,2,2,6,4,1,4,0
187,mass effect andromeda,pc ps4 xbo,ea,rpg,30,0,1,4,1,1,1,1,2,1,5,1
419,nex machina,PC,Other,Action,28,2,0,1,2,4,1,1,1,1,0,1
129,gran turismo sport,ps4,sony,vr racing,26,1,3,1,0,1,0,2,2,2,2,0
446,the legend of zelda  breath of the wild,PC,Other,Action,25,6,0,0,0,0,0,0,1,0,0,0
105,fire emblem heroes,ios and,nintendo,strategy,24,0,1,1,3,1,0,1,2,3,4,0
388,xcom 2 war of the chosen,pc ps4 xbo,take two,strategy,22,2,0,0,2,2,0,1,3,1,1,0
549,zelda breath of the wild,PC,Other,Action,22,3,0,2,1,1,0,0,0,0,0,0
106,fire emblem warriors,nsw 3ds,koei tecmo,action,21,0,0,1,0,0,4,2,3,3,2,0
384,wonder boy the dragons trap,pc ps4 xbo nsw,dotemu,action adventure,21,0,1,1,1,2,1,2,1,3,1,2
82,elex,pc ps4 xbo,thq nordic,rpg,20,1,1,2,0,1,2,0,0,1,0,0
48,cosmic star heroine,pc ps4,zeboyd games,rpg,19,0,0,3,1,1,1,2,0,1,1,0
360,tom clancys ghost recon wildlands,pc ps4 xbo,ubisoft,shooter,19,2,1,0,1,2,0,0,1,0,1,0
476,wolfenstein 2 the new colossus,PC,Other,Action,19,0,1,0,3,2,1,0,1,3,0,0
67,dishonored death of the outsider,pc ps4 xbo,bethesda,shooter,18,0,1,0,1,1,0,2,3,1,5,1
495,danganronpa v3,PC,Other,Action,18,0,1,1,1,0,3,2,1,1,0,0
348,the legend of heroes trails in the sky the 3rd,pc,nihon falcom,rpg,17,1,0,1,1,3,1,0,0,0,0,1
425,resident evil vii,PC,Other,Action,17,0,0,2,0,1,3,1,1,1,0,0
71,doom,nsw,bethesda,shooter remake,16,0,0,1,1,1,1,1,3,1,2,1
89,ever oasis,3ds,nintendo,rpg,16,0,0,3,2,0,0,1,0,2,0,1
232,path of exile the fall of oriath,pc xbo,grinding gear games,rpg,16,0,1,0,2,2,1,1,1,1,0,0
488,ys viii lacrimosa of dana,PC,Other,Action,16,0,2,1,1,1,0,1,2,0,0,0
529,the legend of zelda,PC,Other,Action,16,4,0,0,0,0,0,0,0,0,0,0
395,yooka laylee,pc ps4 xbo nsw,team17,action,15,0,2,1,0,2,0,0,0,1,1,1
466,breath of the wild,PC,Other,Action,15,3,0,0,0,0,1,1,0,0,0,0
472,nierautomata,PC,Other,Action,14,2,0,1,1,0,0,0,0,1,0,0
282,snake pass,pc ps4 xbo nsw,sumo digital,action,13,0,1,0,2,0,0,1,2,1,2,1
356,thimbleweed park,pc ps4 xbo nsw ios and,terrible toybox,adventure,13,0,0,1,0,2,1,3,1,0,0,1
90,everybodys golf,ps4,sony,sports,12,0,0,1,0,0,0,1,3,4,1,1
439,assassin’s creed origins,PC,Other,Action,12,1,0,1,0,0,2,1,0,0,0,0
140,hatsune miku project diva future tone,ps4,sega,rhythm,11,0,2,1,0,0,0,2,0,0,0,0
312,stories untold,pc,devolver digital,adventure,11,1,1,0,0,1,1,0,0,0,0,0
338,the elder scrolls v skyrim,nsw,bethesda,rpg remake,11,1,0,0,1,1,0,0,1,1,1,0
362,total war warhammer ii,pc,sega,strategy,11,0,0,2,0,1,1,1,0,0,0,0
448,hellblade,PC,Other,Action,11,0,1,0,1,2,0,0,2,0,0,0
505,skyrim vr,PC,Other,Action,11,0,1,1,1,0,1,0,1,0,0,0
544,okami hd,PC,Other,Action,11,0,0,2,1,0,1,0,0,1,0,0
88,etrian odyssey v beyond the myth,3ds,atlus,rpg,10,1,0,0,0,0,1,0,1,2,1,1
112,for honor,pc ps4 xbo,ubisoft,fighting,10,0,0,0,0,1,2,1,0,1,2,0
138,halo wars 2,pc xbo,microsoft,strategy,10,1,0,0,1,1,0,1,0,1,0,0
165,kingdom hearts hd 1.5 + 2.5 remix,ps4,square enix,rpg remake,10,1,0,0,1,1,1,0,0,0,0,0
178,lone echo,pc,oculus,vr action adventure,10,0,0,1,0,1,1,0,0,2,1,0
203,monster hunter stories,3ds,capcom,rpg,10,0,2,0,0,0,1,1,0,0,1,0
328,tacoma,pc xbo,fullbright,adventure,10,0,0,0,1,2,1,1,1,0,0,0
353,the sexy brutale,pc ps4 xbo,tequilla works,adventure,10,0,0,0,1,1,1,1,2,1,0,0
382,wipeout omega collection,ps4,sony,racing remake,10,0,0,0,1,1,1,1,1,1,1,1
422,pokemon ultra sun ultra moon,PC,Other,Action,10,0,0,0,0,1,2,0,0,2,2,0
427,snipperclips,PC,Other,Action,10,0,0,0,1,1,1,0,0,2,2,0
489,xenoblade 2,PC,Other,Action,10,0,1,2,0,0,0,1,0,0,0,0
63,diablo iii rise of the necromancer,pc ps4 xbo,activision blizzard,rpg,9,0,0,1,1,0,2,0,0,0,0,0
142,heat signature,pc,suspicious developments,action,9,0,0,1,1,0,0,1,1,1,1,0
191,middle earth shadow of war,pc ps4 xbo,wb,action adventure,9,0,0,1,1,0,1,0,0,0,2,0
222,observer,pc ps4 xbo,aspyr,horror,9,0,0,1,0,0,1,0,1,1,2,0
247,project cars 2,pc ps4 xbo,bandai namco,vr racing,9,1,0,1,0,1,0,0,0,0,0,0
259,rez infinite,pc,enhance games,vr rhythm remake,9,0,0,1,1,0,0,2,0,0,2,1
276,shovel knight specter of torment,pc ps4 xbo nsw,yacht club games,action,9,0,0,0,3,0,1,0,0,0,1,0
361,torment tides of numenera,pc ps4 xbo,inxile entertainment,rpg,9,0,1,0,0,2,1,0,0,0,0,0
371,va 11 hall a,vita,ysbryd games,simulation,9,0,1,2,0,0,0,0,0,0,0,0
429,player unknowns battlegrounds,PC,Other,Action,9,1,0,1,0,0,1,0,0,0,0,0
435,mario + rabbids,PC,Other,Action,9,0,0,1,0,1,2,0,0,0,0,0
447,fortnite,PC,Other,Action,9,0,0,0,2,0,1,1,0,1,1,0
467,steam world dig 2,PC,Other,Action,9,0,1,0,0,1,1,0,1,1,0,0
3,a hat in time,pc ps4 xbo,gears for breakfast,action,8,0,0,0,0,2,0,3,1,0,0,0
58,dead cells,pc,motion twin,action adventure,8,0,1,1,0,0,0,0,1,0,1,0
75,dragons dogma dark arisen,pc ps4 xbo,capcom,rpg,8,1,0,0,0,1,0,1,1,0,0,0
284,snipperclips cut it out together!,nsw,nintendo,puzzle,8,0,0,1,0,1,0,1,1,1,0,0
326,superhot,ps4,superhot team,puzzle remake,8,1,0,0,1,0,1,0,0,0,0,0
434,ys viii,PC,Other,Action,8,0,0,2,1,0,0,0,0,0,0,0
494,fortnite battle royale,PC,Other,Action,8,0,2,0,0,0,1,0,0,0,0,0
502,etrian odyssey v,PC,Other,Action,8,1,1,0,0,0,0,0,0,1,0,0
8,animal crossing pocket camp,ios and,nintendo,simulation,7,0,0,0,1,1,0,0,1,0,2,0
171,last day of june,pc ps4,505 games,adventure,7,0,1,0,0,0,1,0,1,0,1,0
177,little nightmares,pc. ps4 xbo,bandai namco,action adventure,7,0,0,0,0,0,3,0,0,1,0,1
261,rime,pc ps4 xbo nsw,tequilla works,action adventure,7,0,1,0,0,1,0,0,0,0,2,0
265,rocket league,nsw,psyonix,sports remake,7,0,0,0,2,0,1,0,0,0,1,3
340,the end is nigh,pc,edmund mcmillen and tyler glaiel,action,7,0,0,0,1,2,0,0,0,1,0,2
359,tokyo xanadu ex+,vita,nihon falcom,rpg remake,7,0,1,0,0,0,1,0,1,0,1,0
492,xcom2 war of the chosen,PC,Other,Action,7,0,0,1,1,1,0,0,0,0,0,0
507,marvel vs capcom infinite,PC,Other,Action,7,0,0,0,1,0,2,0,1,0,0,0
521,dark souls iii the ringed city,PC,Other,Action,7,0,0,0,1,1,1,0,0,1,0,0
531,kingdom hearts 1.5 + 2.5 remix,PC,Other,Action,7,1,1,0,0,0,0,0,0,0,0,0
539,pubg,PC,Other,Action,7,0,0,1,1,1,0,0,0,0,0,0
592,the legend of zelda the breath of the wild,PC,Other,Action,7,1,0,0,0,0,1,0,0,0,1,0
29,blaster master zero,nsw 3ds,inti creates,action,6,0,0,0,0,0,0,1,0,2,3,0
35,butterfly soup,pc,brianna lei,adventure,6,0,1,1,0,0,0,0,0,0,0,0
37,call of duty wwii,pc ps4 xbo,activision blizzard,shooter,6,0,0,0,1,0,1,0,0,0,2,0
57,darkwood,pc,acid wizard studio,horror,6,0,0,0,0,1,1,0,2,0,0,0
69,djmax respect,ps4,neowiz games,rhythm,6,0,1,0,1,0,0,0,1,0,0,0
73,dragon quest viii journey of the cursed king,3ds,square enix,rpg remake,6,0,0,0,1,0,1,1,0,0,1,0
107,fire pro wrestling world,pc ps4,spike chunsoft,fighting,6,0,1,0,0,0,1,1,0,0,0,0
134,guilty gear xrd rev 2,ps4,arc system works,fighting,6,0,0,0,0,2,1,0,0,0,0,0
263,robo recall,pc,epic games,vr shooter,6,0,0,0,0,0,2,2,0,0,0,0
339,the elder scrolls v skyrim vr,pc ps4,bethesda,vr rpg remake,6,0,0,0,0,2,1,0,0,0,0,0
428,the legend of zelda breathe of the wild,PC,Other,Action,6,1,0,0,0,0,1,0,0,0,0,0
527,evil within 2,PC,Other,Action,6,1,0,0,0,0,0,0,0,1,1,0
533,fire emblem echoes shadow of valentia,PC,Other,Action,6,0,0,0,1,0,1,0,0,2,0,0
553,assassins creed origin,PC,Other,Action,6,1,0,0,0,0,1,0,0,0,0,0
650,madden 18,PC,Other,Action,6,0,0,2,0,0,0,0,0,0,0,0
16,atelier sophie the alchemist of the mysterious book,pc,koei tecmo,rpg remake,5,0,1,0,0,1,0,0,0,0,0,0
32,bubsy the woolies strike back,pc ps4,accolade,action,5,1,0,0,0,0,0,0,0,1,0,0
123,getting over it with bennett foddy,pc ios,humble bundle,puzzle,5,0,0,0,1,1,0,0,0,1,0,0
128,graceful explosion machine,pc ps4 nsw,vertex pop,action,5,0,0,0,0,1,1,0,0,1,0,0
136,gundam versus,ps4,bandai namco,action,5,0,1,0,0,0,0,0,1,0,1,0
205,monument valley 2,ios and,ustwo games,puzzle,5,0,0,1,0,1,0,0,0,0,0,0
215,nex machina death machine,pc ps4,housemarque,action,5,0,0,1,0,1,0,0,0,0,0,1
225,opus magnum,pc,zachtronics,puzzle,5,0,0,0,1,0,1,1,0,0,0,0
228,overcooked,nsw,team 17,action,5,0,1,0,0,0,1,0,0,0,0,0
235,picross s,nsw,jupiter,puzzle,5,0,0,0,0,1,0,0,2,0,1,0
271,shadow tactics blades of the shogun,pc ps4 xbo,daedalic entertainment,strategy,5,0,0,0,1,0,0,2,1,0,0,0
286,sonic forces,pc ps4 xbo nsw,sega,action,5,0,0,0,1,1,0,0,1,0,0,0
299,star fox 2,snes,nintendo,shooter,5,0,0,0,0,1,0,0,1,1,1,2
304,starcraft remastered,pc,activision blizzard,strategy remake,5,0,0,1,1,0,0,0,0,0,0,0
315,styx shards of darkness,pc ps4 xbo,focus home interactive,action adventure,5,0,0,1,0,0,0,0,0,1,1,0
333,the binding of issac afterbirth+,pc ps4 nsw,nicalis,action remake,5,1,0,0,0,0,0,1,0,0,0,0
367,undertale,ps4 vita,toby fox,rpg remake,5,0,0,0,1,1,0,0,0,1,0,0
431,super mario odyessy,PC,Other,Action,5,0,0,1,1,0,0,0,0,0,0,0
443,wolfenstein the new colossus,PC,Other,Action,5,0,0,0,0,1,0,1,1,1,0,1
458,the binding of isaac afterbirth+,PC,Other,Action,5,0,0,1,0,0,0,0,2,0,0,0
462,mario and rabbids,PC,Other,Action,5,0,0,0,0,1,1,0,0,1,0,0
509,culdcept revolt,PC,Other,Action,5,0,1,0,0,0,1,0,0,0,0,0
513,the last guardian,PC,Other,Action,5,0,0,1,0,0,1,0,0,0,0,0
514,crash bandicoot n sane trilogy,PC,Other,Action,5,0,1,0,1,0,0,0,0,0,0,0
594,resident evil 7 vr,PC,Other,Action,5,1,0,0,0,0,0,0,0,0,1,0
603,chaoschild,PC,Other,Action,5,0,0,0,1,1,0,0,1,0,0,0
709,horizon zero down,PC,Other,Action,5,1,0,0,0,0,0,0,1,0,0,0
727,warriors all stars,PC,Other,Action,5,0,0,1,1,0,0,0,0,0,0,0
20,battle chasers nightwar,pc ps4 xbo,thq nordic,rpg,4,0,0,0,0,1,0,0,0,1,1,0
23,battlerite,pc,stunlock studios,action,4,0,1,0,0,0,0,1,0,0,0,0
66,disgaea 5 complete,nsw,nippon ichi,rpg remake,4,0,0,1,0,0,0,0,0,1,0,0
74,dragon quest xi,ps4 3ds,square enix,rpg,4,1,0,0,0,0,0,0,0,0,0,0
91,everything,pc ps4,double fine,adventure,4,0,0,0,0,1,1,0,0,0,0,0
93,f1 2017,pc ps4 xbo,codemasters,racing,4,0,0,0,0,1,0,2,0,0,0,0
96,farpoint,ps4,sony,vr adventure,4,0,0,0,0,1,0,1,0,1,0,1
103,finding paradise,pc,freebird games,adventure,4,0,0,0,0,1,1,0,0,0,0,0
113,forza horizon 3 hot wheels,pc xbo,microsoft,racing,4,0,0,0,1,0,1,0,0,0,0,0
117,full throttle remastered,pc ps4 vita ios,double fine,adventure remake,4,0,1,0,0,0,0,0,1,0,0,0
127,gorogoa,pc ios and nsw,annapurna interactive,puzzle,4,0,0,0,0,0,1,0,0,1,1,0
202,monolith,pc,team d 13,action,4,1,0,0,0,0,0,0,0,0,0,1
267,ruiner,pc ps4 xbo,devolver digital,action,4,0,0,0,0,1,0,0,0,1,1,1
269,senran kagura peach beach splash,ps4,marvelous,shooter,4,0,0,0,0,2,0,0,0,0,0,0
277,shovel knight treasure trove,nsw,yacht club games,action remake,4,0,0,0,0,0,0,2,1,1,0,0
291,spark the electric jester,pc,feperd games,action,4,1,0,0,0,0,0,0,0,0,0,0
316,super bomberman r,nsw,konami,action,4,0,0,0,0,1,1,0,0,0,0,0
337,the elder scrolls online morrowind,pc ps4 xbo,bethesda,rpg,4,0,0,0,0,0,0,2,1,1,0,0
351,the long dark,pc ps4 xbo,hinterland studios,adventure,4,0,0,0,0,2,0,0,0,0,0,0
354,the surge,pc ps4 xbo,focus home interactive,rpg,4,0,0,0,0,0,1,1,0,1,0,0
378,west of loathing,pc,asymmetric publications,rpg,4,0,0,1,0,0,0,0,1,0,0,1
398,yu gi oh! duel links,ios and,konami,board+card,4,0,0,1,0,0,0,0,0,1,0,0
399,zero escape the nonary games,pc ps4 vita,spike chunsoft,adventure remake,4,0,0,1,0,0,0,0,0,1,0,1
400,you must have at least one comment on your ballot or it may not be counted,PC,Other,Action,4,1,0,0,0,0,0,0,0,0,0,0
423,x com 2 war of the chosen,PC,Other,Action,4,1,0,0,0,0,0,0,0,0,0,0
441,crash bandicoot n.sane trilogy,PC,Other,Action,4,0,0,0,0,0,0,1,0,1,2,0
445,friday the 13th,PC,Other,Action,4,0,0,0,1,0,1,0,0,0,0,0
464,forza 7,PC,Other,Action,4,0,0,0,0,1,1,0,0,0,0,0
477,the legend of zelda breath of the wild best game ever,PC,Other,Action,4,1,0,0,0,0,0,0,0,0,0,0
487,dragon quest heroes ii,PC,Other,Action,4,1,0,0,0,0,0,0,0,0,0,1
496,wolfenstein 2,PC,Other,Action,4,0,1,0,0,0,0,1,0,0,0,0
498,knack 2,PC,Other,Action,4,0,0,0,0,1,0,0,1,0,1,1
504,ghost recon wildlands,PC,Other,Action,4,0,0,0,0,0,1,1,0,0,1,0
516,loz  breath of the wild,PC,Other,Action,4,1,0,0,0,0,0,0,0,0,0,0
523,playeruknowns battlegrounds,PC,Other,Action,4,1,0,0,0,0,0,0,0,0,0,0
547,ffxiv stormblood,PC,Other,Action,4,1,0,0,0,0,0,0,0,0,0,0
556,kingdom hearts hd 2.8 final chapter prologue,PC,Other,Action,4,0,0,0,0,1,1,0,0,0,0,0
567,player unknown’s battlegrounds (pubg),PC,Other,Action,4,1,0,0,0,0,0,0,0,0,0,0
580,ho,PC,Other,Action,4,0,0,0,0,1,0,0,0,1,1,0
596,resdent evil 7  biohazard,PC,Other,Action,4,1,0,0,0,0,0,0,0,0,0,0
604,crash bandicoot nsane trilogy,PC,Other,Action,4,0,0,0,0,1,1,0,0,0,0,0
610,divinity os2,PC,Other,Action,4,1,0,0,0,0,0,0,0,0,0,0
643,crazy taxi gazillionaire,PC,Other,Action,4,0,0,0,1,0,1,0,0,0,0,0
644,mario & rabbids kingdom battle,PC,Other,Action,4,0,0,0,1,0,1,0,0,0,0,0
673,tom clancy’s ghost recon wildlands,PC,Other,Action,4,0,1,0,0,0,0,0,0,0,1,0
706,eiyuu densetsu sen no kiseki iii,PC,Other,Action,4,1,0,0,0,0,0,0,0,0,0,0
714,"the legend of zelda breath of the wild open world perfection, i took 14 days of work to enjoy this game, was worth every penny",PC,Other,Action,4,1,0,0,0,0,0,0,0,0,0,0
736,rainbow six siege year 2,PC,Other,Action,4,1,0,0,0,0,0,0,0,0,0,0
747,bayonetta,PC,Other,Action,4,1,0,0,0,0,0,0,0,0,0,0
1,1 2 switch,nsw,nintendo,party,3,0,0,0,0,0,0,0,2,1,0,0
64,digimon world next order,ps4 vita,bandai namco,rpg,3,0,0,0,0,1,0,0,0,1,0,0
87,enter the gungeon,nsw,devolver digital,action remake,3,0,0,0,0,1,0,0,1,0,0,1
94,faeria,pc,abrakam sa,board+card,3,0,0,1,0,0,0,0,0,0,0,0
97,fast rmx,nsw,shinem,racing remake,3,0,0,0,0,1,0,0,0,0,1,0
114,forza motorsport 7,pc xbo,microsoft,racing,3,0,0,0,0,0,0,1,1,0,1,1
147,hidden agenda,ps4,sony,board+card,3,0,0,0,0,1,0,0,0,1,0,0
161,just dance 2018,ps4 ps3 xbo 360 wii wiiu nsw,ubisoft,rhythm,3,0,1,0,0,0,0,0,0,0,0,0
167,knack ii,ps4,sony,action,3,0,0,0,1,0,0,0,0,0,1,1
185,marvel vs. capcom infinite,pc ps4 xbo,capcom,fighting,3,0,0,0,1,0,0,0,1,0,0,0
201,mlb the show 17,ps4,sony,sports,3,0,0,0,1,0,0,1,0,0,0,0
204,monster hunter xx,nsw,capcom,rpg remake,3,0,0,1,0,0,0,0,0,0,0,0
211,nba 2k18,pc ps4 ps3 xbo 360 nsw,take two,sports,3,0,1,0,0,0,0,0,0,0,0,0
233,perception,pc ps4 xbo nsw and,the deep end games,horror,3,0,0,1,0,0,0,0,0,0,0,0
250,raiden v directors cut,pc ps4,ufo interactive games,shooter,3,0,1,0,0,0,0,0,0,0,0,0
260,rick and morty virtual rick ality,pc,adult swim games,vr simulation,3,0,0,1,0,0,0,0,0,0,0,0
264,rock of ages 2 bigger and boulder,ps4,atlus,action,3,0,0,1,0,0,0,0,0,0,0,0
280,slime rancher,pc xbo,monomi park,simulation,3,0,0,0,1,0,0,0,0,0,1,1
302,star wars battlefront ii,pc ps4 xbo,ea,shooter,3,0,0,0,0,1,0,0,0,0,1,0
327,superhot vr,ps4,superhot team,vr puzzle remake,3,0,0,0,0,1,0,0,0,0,1,0
329,taiko no tatsujin session de dodon ga don!,ps4,bandai namco,rhythm,3,0,0,1,0,0,0,0,0,0,0,0
363,tumbleseed,pc ps4 nsw,aeiowu,action,3,0,0,0,1,0,0,0,0,0,1,0
372,vaporum,pc,fatbot games,rpg,3,0,0,0,0,1,0,0,0,0,1,0
375,warframe plains of eidolon,pc ps4 xbo,digital extreme,action,3,0,0,0,0,1,0,0,0,1,0,0
396,ys seven,pc,nihon falcom,rpg remake,3,0,0,0,1,0,0,1,0,0,0,0
401,must be created using the ordered list option,PC,Other,Action,3,0,1,0,0,0,0,0,0,0,0,0
402,olded,PC,Other,Action,3,0,0,1,0,0,0,0,0,0,0,0
424,playerunknown´s battlegrounds,PC,Other,Action,3,0,1,0,0,0,0,0,0,0,0,0
436,yakuza zero,PC,Other,Action,3,0,0,1,0,0,0,0,0,0,0,0
437,pokemon ultra sun and ultra moon,PC,Other,Action,3,0,1,0,0,0,0,0,0,0,0,0
449,final fantasy 12 the zodiac age,PC,Other,Action,3,0,0,0,1,0,0,0,0,1,0,0
456,pokemon ultra sun,PC,Other,Action,3,0,0,0,0,1,0,1,0,0,0,0
468,little busters  english edition,PC,Other,Action,3,0,0,1,0,0,0,0,0,0,0,0
469,a morticians tale,PC,Other,Action,3,0,0,1,0,0,0,0,0,0,0,0
471,the legend of zelda breath of the wid,PC,Other,Action,3,0,1,0,0,0,0,0,0,0,0,0
473,super mario. odyssey,PC,Other,Action,3,0,1,0,0,0,0,0,0,0,0,0
478,assassin creed origins best asscreed game ever,PC,Other,Action,3,0,1,0,0,0,0,0,0,0,0,0
479,super mario odyssey great platformer,PC,Other,Action,3,0,0,1,0,0,0,0,0,0,0,0
490,loz botw,PC,Other,Action,3,0,0,1,0,0,0,0,0,0,0,0
501,divinity  original sin 2,PC,Other,Action,3,0,0,1,0,0,0,0,0,0,0,0
503,ac origins,PC,Other,Action,3,0,1,0,0,0,0,0,0,0,0,0
506,resident evil,PC,Other,Action,3,0,1,0,0,0,0,0,0,0,0,0
508,the legend of heroes  trails in the sky the 3rd,PC,Other,Action,3,0,0,1,0,0,0,0,0,0,0,0
511,fire emblem echoes,PC,Other,Action,3,0,0,0,0,0,1,0,1,0,0,0
515,playerknowns battleground,PC,Other,Action,3,0,1,0,0,0,0,0,0,0,0,0
517,doki doki literature club!,PC,Other,Action,3,0,0,0,0,0,0,1,1,1,0,0
518,ys 8 lacrimosa of dana,PC,Other,Action,3,0,0,0,0,1,0,0,1,0,0,0
519,ellblade senuas sacrifice,PC,Other,Action,3,0,0,1,0,0,0,0,0,0,0,0
520,atelier sophie,PC,Other,Action,3,0,0,1,0,0,0,0,0,0,0,0
542,asassins creed origins,PC,Other,Action,3,0,0,1,0,0,0,0,0,0,0,0
546,"snipperclips cut it out, together!",PC,Other,Action,3,0,1,0,0,0,0,0,0,0,0,1
548,nier automita,PC,Other,Action,3,0,1,0,0,0,0,0,0,0,0,0
555,horizonzero dawn,PC,Other,Action,3,0,0,1,0,0,0,0,0,0,0,0
559,rain word,PC,Other,Action,3,0,1,0,0,0,0,0,0,0,0,0
560,fire pro wrestling  world,PC,Other,Action,3,0,0,1,0,0,0,0,0,0,0,0
566,mario and rabbids kingdom battle,PC,Other,Action,3,0,0,0,0,1,0,0,1,0,0,0
571,uncharted the last legacy,PC,Other,Action,3,0,0,1,0,0,0,0,0,0,0,0
573,divinity original sin ii –,PC,Other,Action,3,0,0,1,0,0,0,0,0,0,0,0
575,super mario odyssee,PC,Other,Action,3,0,1,0,0,0,0,0,0,0,0,0
576,wolfenstein ii,PC,Other,Action,3,0,0,0,0,0,1,0,0,1,0,0
577,hellblade senua’s sacrifice,PC,Other,Action,3,0,0,0,0,0,0,0,0,2,1,0
579,dragon’s dogma dark arisen,PC,Other,Action,3,0,0,0,0,0,1,1,0,0,0,0
581,player unknown battleground,PC,Other,Action,3,0,1,0,0,0,0,0,0,0,0,0
587,player unknowns battleground,PC,Other,Action,3,0,0,1,0,0,0,0,0,0,0,0
595,dragon quest heroes 2,PC,Other,Action,3,0,0,0,1,0,0,1,0,0,0,0
598,total warhammer ii,PC,Other,Action,3,0,0,1,0,0,0,0,0,0,0,0
600,need for speed payback,PC,Other,Action,3,0,1,0,0,0,0,0,0,0,0,0
605,dark souls 3 the ringed city,PC,Other,Action,3,0,1,0,0,0,0,0,0,0,0,0
607,super mario oddyssey,PC,Other,Action,3,0,0,1,0,0,0,0,0,0,0,0
611,horizon,PC,Other,Action,3,0,1,0,0,0,0,0,0,0,0,0
614,super mario odeyssey,PC,Other,Action,3,0,1,0,0,0,0,0,0,0,0,0
618,mario oddysey,PC,Other,Action,3,0,1,0,0,0,0,0,0,0,0,0
628,metroid ii samus returns,PC,Other,Action,3,0,0,1,0,0,0,0,0,0,0,0
629,path of exile,PC,Other,Action,3,0,1,0,0,0,0,0,0,0,0,0
630,final fantasy ix,PC,Other,Action,3,0,0,1,0,0,0,0,0,0,0,0
634,rollercoaster tycoon classic,PC,Other,Action,3,0,0,1,0,0,0,0,0,0,0,0
635,super mario odyssey –,PC,Other,Action,3,0,1,0,0,0,0,0,0,0,0,0
636,xenoblade chronicles 2 –,PC,Other,Action,3,0,0,1,0,0,0,0,0,0,0,0
657,dragon’s dogma  dark arisen,PC,Other,Action,3,0,0,1,0,0,0,0,0,0,0,0
659,friday the 13th the game,PC,Other,Action,3,0,0,0,0,1,0,0,1,0,0,0
660,the invisible hours,PC,Other,Action,3,0,1,0,0,0,0,0,0,0,0,0
661,night trap 25th anniversary edition,PC,Other,Action,3,0,0,1,0,0,0,0,0,0,0,0
665,the legend of zelda breath of the wil,PC,Other,Action,3,0,0,1,0,0,0,0,0,0,0,0
666,rain world,PC,Other,Action,3,0,0,0,1,0,0,0,1,0,0,0
668,meltys quest,PC,Other,Action,3,0,1,0,0,0,0,0,0,0,0,0
676,dishonored death of the outside,PC,Other,Action,3,0,0,1,0,0,0,0,0,0,0,0
683,final fantasy xii thé zodiac age,PC,Other,Action,3,0,0,1,0,0,0,0,0,0,0,0
685,tom clancys rainbow six siege,PC,Other,Action,3,0,0,1,0,0,0,0,0,0,0,0
687,shadow tactics blade of the shogun,PC,Other,Action,3,0,1,0,0,0,0,0,0,0,0,0
693,tooth and tail,PC,Other,Action,3,0,0,1,0,0,0,0,0,0,0,0
698,skyrim switch,PC,Other,Action,3,0,0,1,0,0,0,0,0,0,0,0
715,"super mario odyssey best platformer released this gen, by far. nothing comes close",PC,Other,Action,3,0,1,0,0,0,0,0,0,0,0,0
716,"mario kart 8 deluxe ive spend countless hours on this racing game and i still enjoy it, as much as i did on wii u",PC,Other,Action,3,0,0,1,0,0,0,0,0,0,0,0
724,freddy fazbears pizzeria simulator,PC,Other,Action,3,0,0,1,0,0,0,0,0,0,0,0
726,bomber crew,PC,Other,Action,3,0,0,1,0,0,0,0,0,0,0,0
731,dangaronpa v3  killing harmony,PC,Other,Action,3,0,0,1,0,0,0,0,0,0,0,0
19,battle brothers,pc,overhype studios,rpg,2,0,0,0,0,0,0,0,1,1,0,0
30,blazblue central fiction,pc,arc system works,fighting remake,2,0,0,0,1,0,0,0,0,0,0,0
36,bye bye boxboy!,3ds,nintendo,puzzle,2,0,0,0,0,0,0,1,1,0,0,0
46,children of zodiarcs,pc ps4,square enix,rpg,2,0,0,0,1,0,0,0,0,0,0,0
47,city shrouded in shadow,ps4,bandai namco,action adventure,2,0,0,0,1,0,0,0,0,0,0,0
79,dungeons & dragons online mists of ravenloft,pc,hasbro,rpg,2,0,0,0,1,0,0,0,0,0,0,0
108,flatout 4 total insanity,pc ps4 xbo,strategy first,racing,2,0,0,0,0,0,1,0,0,0,0,0
109,flinthook,pc ps4 xbo,tribute games,action,2,0,0,0,0,0,0,0,0,0,2,0
124,gigantic,pc xbo,perfect world entertainment,shooter,2,0,0,0,0,1,0,0,0,0,0,0
163,kamiko,nsw,flyhigh works,action,2,0,0,0,0,0,0,0,0,0,2,0
168,kona,pc ps4 xbo,parabole,adventure,2,0,0,0,0,1,0,0,0,0,0,0
173,lawbreakers,pc ps4,nexon,shooter,2,0,0,0,0,0,0,0,1,1,0,1
189,megaton rainfall,pc ps4,pentadimensional games,vr action,2,0,0,0,0,1,0,0,0,0,0,0
192,mighty gunvolt burst,nsw 3ds,inti creates,action,2,0,0,0,1,0,0,0,0,0,0,0
193,miitopia,3ds,nintendo,rpg,2,0,0,0,0,0,0,0,1,1,0,0
213,nba playgrounds,pc ps4 xbo nsw,mad dog games,sports,2,0,0,0,0,1,0,0,0,0,0,0
214,new frontier days founding pioneers,nsw,arc system works,simulation,2,0,0,0,0,0,1,0,0,0,0,0
236,pictopix,pc,tomlab games,puzzle,2,0,0,0,1,0,0,0,0,0,0,0
237,pinball fx 3,pc ps4 xbo nsw,zen studios,action,2,0,0,0,1,0,0,0,0,0,0,0
246,pro evolution soccer 2018,pc ps4 ps3 xbo 360,konami,sports,2,0,0,0,1,0,0,0,0,0,0,0
251,rakuen,pc,laura shigihara,rpg,2,0,0,0,1,0,0,0,0,0,0,1
255,reigns her majesty,pc ios and,devolver digital,board+card,2,0,0,0,0,0,1,0,0,0,0,0
272,shadow warrior 2,pc ps4 xbo,devolver digital,shooter,2,0,0,0,0,1,0,0,0,0,0,0
274,shantae half genie hero,nsw,wayforward,action adventure,2,0,0,0,0,0,0,0,2,0,0,0
281,slime san,pc nsw,headup games,action,2,0,0,0,0,0,0,1,1,0,0,0
285,soda dungeon,pc,armor games,rpg,2,0,0,0,0,1,0,0,0,0,0,0
314,style savvy styling star,3ds,nintendo,simulation,2,0,0,0,0,1,0,0,0,0,0,0
317,super cloudbuilt,pc ps4 xbo,double eleven,action,2,0,0,0,0,1,0,0,0,0,0,0
386,wulverblade,nsw,darkwind media,action,2,0,0,0,0,0,1,0,0,0,0,0
397,ys vii lacrimosa of dana,ps4 vita,nihon falcom,rpg,2,0,0,0,0,0,0,0,2,0,0,0
403,here,PC,Other,Action,2,0,0,0,0,0,1,0,0,0,0,0
438,magikarp jump,PC,Other,Action,2,0,0,0,0,0,1,0,0,0,0,0
442,ucll,PC,Other,Action,2,0,0,0,0,0,1,0,0,0,0,0
450,fire emblem shadows of valentia,PC,Other,Action,2,0,0,0,0,1,0,0,0,0,0,0
451,dangan ronpa v3,PC,Other,Action,2,0,0,0,0,0,1,0,0,0,0,0
453,fate grand order,PC,Other,Action,2,0,0,0,0,0,0,1,0,0,1,0
454,super,PC,Other,Action,2,0,0,0,1,0,0,0,0,0,0,0
455,samus returns,PC,Other,Action,2,0,0,0,0,0,1,0,0,0,0,0
465,mario + rabbits,PC,Other,Action,2,0,0,0,0,0,1,0,0,0,0,0
480,injustice 2 great story and fun fighting game,PC,Other,Action,2,0,0,0,1,0,0,0,0,0,0,0
481,playerunknown battle grounds love this game stayed up all night playing it,PC,Other,Action,2,0,0,0,0,1,0,0,0,0,0,0
482,splatoon 2 fun shooter for the switch,PC,Other,Action,2,0,0,0,0,0,1,0,0,0,0,0
500,phoenix wright ace attorney spirit of justice,PC,Other,Action,2,0,0,0,1,0,0,0,0,0,0,0
524,the evil within  2,PC,Other,Action,2,0,0,0,1,0,0,0,0,0,0,0
525,final fantaxy xv episode ignis,PC,Other,Action,2,0,0,0,0,0,1,0,0,0,0,0
530,splatoon 2 another,PC,Other,Action,2,0,0,0,0,1,0,0,0,0,0,0
532,kingdom hearts ii.8 final chapter prologue,PC,Other,Action,2,0,0,0,1,0,0,0,0,0,0,0
534,disgaea 5,PC,Other,Action,2,0,0,0,0,1,0,0,0,0,0,0
537,floor kids,PC,Other,Action,2,0,0,0,0,0,1,0,0,0,0,0
545,a night in the woods,PC,Other,Action,2,0,0,0,0,0,0,1,1,0,0,0
552,nier automata i,PC,Other,Action,2,0,0,0,0,1,0,0,0,0,0,0
558,gran turismo sports,PC,Other,Action,2,0,0,0,1,0,0,0,0,0,0,0
561,blazblue central fiction v2,PC,Other,Action,2,0,0,0,1,0,0,0,0,0,0,0
562,tokyo xanadu,PC,Other,Action,2,0,0,0,0,1,0,0,0,0,0,0
564,wofenstien ii the new colossus,PC,Other,Action,2,0,0,0,0,1,0,0,0,0,0,0
568,end of zoe,PC,Other,Action,2,0,0,0,1,0,0,0,0,0,0,0
572,diluvion,PC,Other,Action,2,0,0,0,1,0,0,0,0,0,0,0
574,nier automata –,PC,Other,Action,2,0,0,0,1,0,0,0,0,0,0,0
578,pillars of eternity,PC,Other,Action,2,0,0,0,1,0,0,0,0,0,0,0
582,rec room,PC,Other,Action,2,0,0,0,0,1,0,0,0,0,0,0
583,space pirate trainer,PC,Other,Action,2,0,0,0,0,0,1,0,0,0,0,0
584,mario plus rabids,PC,Other,Action,2,0,0,0,0,0,1,0,0,0,0,0
588,crash bandicoot,PC,Other,Action,2,0,0,0,0,0,1,0,0,0,0,0
589,pokémon ultra sun ultra moon,PC,Other,Action,2,0,0,0,0,0,1,0,0,0,0,0
591,super mario galaxy,PC,Other,Action,2,0,0,0,1,0,0,0,0,0,0,0
593,fate extella the umbral star,PC,Other,Action,2,0,0,0,1,0,0,0,0,0,0,1
597,wolfenstein 2 the new order,PC,Other,Action,2,0,0,0,0,1,0,0,0,0,0,0
599,fortnite   fortnite br,PC,Other,Action,2,0,0,0,0,0,1,0,0,0,0,0
601,star wars battlefront ii lacklustre campaign but very fun multiplayer,PC,Other,Action,2,0,0,0,1,0,0,0,0,0,0,0
608,uncharted 4 the lost legacy,PC,Other,Action,2,0,0,0,0,1,0,0,0,0,0,0
609,the legend of heroes trails of cold steel,PC,Other,Action,2,0,0,0,0,1,0,0,0,0,0,0
612,quake champions,PC,Other,Action,2,0,0,0,1,0,0,0,0,0,0,0
613,the evil within 2 a,PC,Other,Action,2,0,0,0,0,0,1,0,0,0,0,0
615,cup head,PC,Other,Action,2,0,0,0,1,0,0,0,0,0,0,0
616,hellblade senuas sacrafice,PC,Other,Action,2,0,0,0,0,1,0,0,0,0,0,0
617,shovel knight  specter of torment,PC,Other,Action,2,0,0,0,1,0,0,0,0,0,0,0
619,zelda botw,PC,Other,Action,2,0,0,0,0,1,0,0,0,0,0,0
620,mario and rabbits,PC,Other,Action,2,0,0,0,0,0,1,0,0,0,0,0
623,snipperclips cut it out together,PC,Other,Action,2,0,0,0,0,0,1,0,0,0,0,0
624,skyrim switch edition,PC,Other,Action,2,0,0,0,0,1,0,0,0,0,0,0
625,mario+rabbids kingdom battle,PC,Other,Action,2,0,0,0,0,0,1,0,0,0,0,0
626,fortnight,PC,Other,Action,2,0,0,0,0,0,1,0,0,0,0,0
631,blazblue central fiction (pc release),PC,Other,Action,2,0,0,0,0,0,1,0,0,0,0,0
637,stardew valley –,PC,Other,Action,2,0,0,0,0,1,0,0,0,0,0,0
638,splatoon 2 –,PC,Other,Action,2,0,0,0,0,0,1,0,0,0,0,0
656,xenoblade chronicle 2,PC,Other,Action,2,0,0,0,0,0,1,0,0,0,0,0
658,final fantasy xii  the zodiac age,PC,Other,Action,2,0,0,0,1,0,0,0,0,0,0,0
670,star wars battlefront 2,PC,Other,Action,2,0,0,0,1,0,0,0,0,0,0,0
671,uncharted  the lost legacy,PC,Other,Action,2,0,0,0,0,1,0,0,0,0,0,0
672,ace attorney spirit of justice,PC,Other,Action,2,0,0,0,1,0,0,0,0,0,0,0
675,yokai watch 2  psychic specters,PC,Other,Action,2,0,0,0,0,1,0,0,0,0,0,0
677,cold waters,PC,Other,Action,2,0,0,0,0,0,1,0,0,0,0,0
679,pokémon ultra sun and ultra moon,PC,Other,Action,2,0,0,0,0,1,0,0,0,0,0,0
682,has been heroes,PC,Other,Action,2,0,0,0,0,0,1,0,0,0,0,1
686,fifa 18 switch,PC,Other,Action,2,0,0,0,0,1,0,0,0,0,0,0
688,call of duty ww2,PC,Other,Action,2,0,0,0,0,0,1,0,0,0,0,0
691,the town of light,PC,Other,Action,2,0,0,0,1,0,0,0,0,0,0,0
694,zoo tycoon ultimate animal collection,PC,Other,Action,2,0,0,0,1,0,0,0,0,0,0,0
695,cities skylines,PC,Other,Action,2,0,0,0,0,1,0,0,0,0,0,0
696,forza motosport 7,PC,Other,Action,2,0,0,0,1,0,0,0,0,0,0,0
697,dies irae ~amantes amentes~,PC,Other,Action,2,0,0,0,1,0,0,0,0,0,0,0
699,splatoon2,PC,Other,Action,2,0,0,0,1,0,0,0,0,0,0,0
703,collar x malice,PC,Other,Action,2,0,0,0,0,0,1,0,0,0,0,0
704,disc jam,PC,Other,Action,2,0,0,0,1,0,0,0,0,0,0,0
707,trails in the sky the 3rd,PC,Other,Action,2,0,0,0,0,1,0,0,0,0,0,0
708,divinity original sin,PC,Other,Action,2,0,0,0,0,0,1,0,0,0,0,0
710,alwas awakening,PC,Other,Action,2,0,0,0,1,0,0,0,0,0,0,0
711,hopiko,PC,Other,Action,2,0,0,0,0,1,0,0,0,0,0,0
717,"xenoblade chronicles 2 beatiful world, that begs you to explore it. amazing story, only pulled down by some qol issues that i could ignore and still find this game amazing",PC,Other,Action,2,0,0,0,1,0,0,0,0,0,0,0
718,spatoon 2 fun and rewarding tps,PC,Other,Action,2,0,0,0,0,1,0,0,0,0,0,0
719,"xcom 2 war of the chosen xcom2 was allready good, this expansion pushes that agenda even further, adding so much and making the game so much better",PC,Other,Action,2,0,0,0,0,0,1,0,0,0,0,0
730,zelda breathe of the wild,PC,Other,Action,2,0,0,0,1,0,0,0,0,0,0,0
732,utawarerumono  mask of deception,PC,Other,Action,2,0,0,0,0,0,1,0,0,0,0,0
733,the binding of isaac afterbirth,PC,Other,Action,2,0,0,0,0,0,1,0,0,0,0,0
734,wonderboy the dragons trap,PC,Other,Action,2,0,0,0,0,0,0,0,0,1,1,0
737,guity gear xrd rev 2,PC,Other,Action,2,0,0,0,1,0,0,0,0,0,0,0
740,wolfenstein ii the new collossus,PC,Other,Action,2,0,0,0,1,0,0,0,0,0,0,0
742,skyrim,PC,Other,Action,2,0,0,0,0,0,1,0,0,0,0,0
12,ark survival evolved,pc ps4 xbo,studio wildcard,adventure,1,0,0,0,0,0,0,1,0,0,0,0
21,battle chef brigade,pc nsw,adult swim games,action puzzle,1,0,0,0,0,0,0,0,1,0,0,1
26,berserk and the band of the hawk,pc ps4 vita,koei tecmo,action,1,0,0,0,0,0,0,0,0,1,0,0
27,blackwood crossing,pc ps4 xbo,vision games publishing,adventure,1,0,0,0,0,0,0,0,1,0,0,0
33,bulb boy,xbo nsw,bulbware,adventure,1,0,0,0,0,0,0,0,0,0,1,0
59,death squared,pc ps4 xbo nsw,smg studios,puzzle,1,0,0,0,0,0,0,1,0,0,0,0
65,dirt 4,pc ps4 xbo,codemasters,racing,1,0,0,0,0,0,0,1,0,0,0,0
85,emily is away too,pc,kyle seeley,simulation,1,0,0,0,0,0,0,0,0,0,1,0
86,endless space 2,pc,sega,strategy,1,0,0,0,0,0,0,1,0,0,0,1
98,fifa 18,pc ps4 ps3 xbo 360 nsw,ea,sports,1,0,0,0,0,0,0,0,0,0,1,0
133,guild wars 2 path of fire,pc,ncsoft,rpg,1,0,0,0,0,0,0,0,1,0,0,0
135,gun metal arcadia,pc,minor key games,action adventure,1,0,0,0,0,0,0,0,1,0,0,0
139,hand of fate 2,pc ps4 xbo,defiant development,board+card,1,0,0,0,0,0,0,0,1,0,0,0
154,hq,ios,intermedia labs,board+card,1,0,0,0,0,0,0,0,0,0,1,1
155,human resource machine,nsw,2d boy,puzzle remake,1,0,0,0,0,0,0,0,0,0,1,0
159,itadaki street dragon quest and final fantasy 30th anniversary,ps4 vita,square enix,board+card,1,0,0,0,0,0,0,0,1,0,0,0
186,mary skelter nightmares,vita,idea factory,rpg,1,0,0,0,0,0,0,1,0,0,0,0
197,minecraft nintendo switch edition,nsw,mojang,simulation remake,1,0,0,0,0,0,0,0,0,1,0,0
217,nidhogg 2,pc ps4,messhof,fighting,1,0,0,0,0,0,0,0,0,1,0,0
220,nights of azure 2 bride of the new moon,pc ps4 nsw vita,koei tecmo,action,1,0,0,0,0,0,0,0,0,1,0,0
226,opus the day we found earth,ios and,sigono inc.,adventure,1,0,0,0,0,0,0,0,0,1,0,0
227,outlast 2,pc ps4 xbo,red barrels,horror,1,0,0,0,0,0,0,1,0,0,0,0
229,pan pan a tiny big adventure,nsw,circle entertainment,puzzle,1,0,0,0,0,0,0,0,1,0,0,0
231,patapon remastered,ps4,sony,rhythm remake,1,0,0,0,0,0,0,0,0,1,0,0
241,pokken tournament dx,nsw,nintendo,fighting,1,0,0,0,0,0,0,0,0,0,1,0
242,polybius,ps4,llamasoft,vr action,1,0,0,0,0,0,0,1,0,0,0,0
266,romancing saga 2,pc,square enix,rpg remake,1,0,0,0,0,0,0,0,0,0,1,0
270,serious sams bogus detour,pc,devolver digital,action adventure,1,0,0,0,0,0,0,0,0,0,1,0
290,spaceplan,ios pc,devolver digital,simulation,1,0,0,0,0,0,0,1,0,0,0,0
293,spelunker party!,pc nsw,square enix,action,1,0,0,0,0,0,0,0,0,1,0,0
294,spintires mudrunner,pc ps4 xbo,focus home interactive,simulation,1,0,0,0,0,0,0,0,0,0,1,0
300,star ocean 4 hd,pc ps4,square enix,rpg,1,0,0,0,0,0,0,0,0,1,0,0
301,star trek bridge crew,pc ps4,ubisoft,vr action adventure,1,0,0,0,0,0,0,0,1,0,0,0
308,statik,ps4,tarsier studios,vr puzzle,1,0,0,0,0,0,0,1,0,0,0,0
311,stellaris utopia,pc,paradox interactive,strategy,1,0,0,0,0,0,0,0,0,1,0,0
320,super luckys tale,pc xbo,microsoft,action,1,0,0,0,0,0,0,0,0,0,1,0
325,superflight,pc,grizzlygames,action,1,0,0,0,0,0,0,1,0,0,0,0
343,the flame in the flood,ps4 nsw,the molasses flood,action adventure remake,1,0,0,0,0,0,0,1,0,0,0,0
344,the golf club 2,pc ps4 xbo,maxium games,sports,1,0,0,0,0,0,0,0,0,1,0,0
347,the jackbox party pack 3,nsw,jackbox games,board+card,1,0,0,0,0,0,0,0,0,0,1,0
355,the walking dead a new frontier,pc ps4 xbo nsw and ios,telltale games,adventure,1,0,0,0,0,0,0,0,1,0,0,0
364,two worlds ii call of the tenebrae,pc,tripwire interactive,rpg,1,0,0,0,0,0,0,1,0,0,0,0
370,utawarerumono mask of truth,ps4,atlus,rpg,1,0,0,0,0,0,0,0,1,0,0,0
394,yono and the celestial elephants,pc nsw,plug in digital,action,1,0,0,0,0,0,0,0,0,0,1,0
404,games must be listed using their full title,PC,Other,Action,1,0,0,0,0,0,0,0,1,0,0,0
405,"no reserving posts to hold your ballot until later. this clogs up the thread with wasted space and ensures that fewer people will actually see your list. such posts will disqualify your ballot, even if edited later",PC,Other,Action,1,0,0,0,0,0,0,0,0,1,0,0
406,"no posting unofficial, preliminary results. this may influence voting",PC,Other,Action,1,0,0,0,0,0,0,0,0,0,1,0
414,game h,PC,Other,Action,1,0,0,0,0,0,0,0,1,0,0,1
415,game i,PC,Other,Action,1,0,0,0,0,0,0,0,0,1,0,1
416,game j,PC,Other,Action,1,0,0,0,0,0,0,0,0,0,1,1
426,assassin´s creed origins,PC,Other,Action,1,0,0,0,0,0,0,0,0,0,1,0
433,blade runner 2049  memory la,PC,Other,Action,1,0,0,0,0,0,0,0,0,0,1,0
440,playerunknowns battleground,PC,Other,Action,1,0,0,0,0,0,0,0,1,0,0,0
452,white day,PC,Other,Action,1,0,0,0,0,0,0,0,0,1,0,0
457,mario & luigi super star saga & bowsers minions,PC,Other,Action,1,0,0,0,0,0,0,0,1,0,0,0
459,the elder scrolls v skryim,PC,Other,Action,1,0,0,0,0,0,0,0,1,0,0,0
460,volgarr the viking,PC,Other,Action,1,0,0,0,0,0,0,0,0,1,0,0
470,danganronpa 3,PC,Other,Action,1,0,0,0,0,0,0,1,0,0,0,0
474,zelda breath of the wold,PC,Other,Action,1,0,0,0,0,0,0,1,0,0,0,0
475,cupheads,PC,Other,Action,1,0,0,0,0,0,0,0,0,1,0,0
483,ghost recon wildlands deep open world game very good,PC,Other,Action,1,0,0,0,0,0,0,1,0,0,0,0
484,la noire switch loved it when it came out had to replay it again,PC,Other,Action,1,0,0,0,0,0,0,0,1,0,0,0
485,star wars battlefront 2 fun starwars shooter,PC,Other,Action,1,0,0,0,0,0,0,0,0,1,0,0
486,nba 2k18 best basketball game out,PC,Other,Action,1,0,0,0,0,0,0,0,0,0,1,0
491,wolfenstien 2,PC,Other,Action,1,0,0,0,0,0,0,0,0,1,0,0
497,the nonary games,PC,Other,Action,1,0,0,0,0,0,0,0,1,0,0,0
499,mario+rabbids,PC,Other,Action,1,0,0,0,0,0,0,1,0,0,0,0
510,the legend of heroes  trails of cold steel,PC,Other,Action,1,0,0,0,0,0,0,0,0,1,0,0
512,tyranny,PC,Other,Action,1,0,0,0,0,0,0,1,0,0,0,0
522,dishonored 2,PC,Other,Action,1,0,0,0,0,0,0,1,0,0,0,0
526,final fantaxy xv masters of the deep vr,PC,Other,Action,1,0,0,0,0,0,0,0,0,1,0,0
528,from other suns,PC,Other,Action,1,0,0,0,0,0,0,0,0,1,0,0
535,he legend of zelda breath of the wild,PC,Other,Action,1,0,0,0,0,0,0,1,0,0,0,0
536,dragon quest 8,PC,Other,Action,1,0,0,0,0,0,0,0,1,0,0,0
538,south park fractured but whole,PC,Other,Action,1,0,0,0,0,0,0,0,1,0,0,0
540,dragon quest viii,PC,Other,Action,1,0,0,0,0,0,0,1,0,0,0,0
541,god wars future past,PC,Other,Action,1,0,0,0,0,0,0,0,0,1,0,0
543,pokemon ultrasun ultra moon,PC,Other,Action,1,0,0,0,0,0,0,1,0,0,0,0
550,pinball fx3,PC,Other,Action,1,0,0,0,0,0,0,0,1,0,0,0
551,hiveswap act 1,PC,Other,Action,1,0,0,0,0,0,0,0,0,1,0,0
554,total war warhammer 2,PC,Other,Action,1,0,0,0,0,0,0,0,1,0,0,0
557,nier,PC,Other,Action,1,0,0,0,0,0,0,0,1,0,0,0
563,call of duty world war ii,PC,Other,Action,1,0,0,0,0,0,0,0,0,1,0,0
565,mario kart 8 dx,PC,Other,Action,1,0,0,0,0,0,0,1,0,0,0,0
569,jackbox party pack 3,PC,Other,Action,1,0,0,0,0,0,0,0,0,0,1,0
585,hell blade,PC,Other,Action,1,0,0,0,0,0,0,0,1,0,0,0
586,super hyper cube on steam vr,PC,Other,Action,1,0,0,0,0,0,0,0,0,0,1,0
590,wolfestein ii the new colossus,PC,Other,Action,1,0,0,0,0,0,0,1,0,0,0,0
602,the legend zelda breath of the wild,PC,Other,Action,1,0,0,0,0,0,0,0,0,0,1,0
606,nier automatia,PC,Other,Action,1,0,0,0,0,0,0,1,0,0,0,0
621,gravity rush,PC,Other,Action,1,0,0,0,0,0,0,0,0,0,1,0
627,lego city undercover,PC,Other,Action,1,0,0,0,0,0,0,0,1,0,0,0
633,"southpark the fractured, but whole",PC,Other,Action,1,0,0,0,0,0,0,0,0,1,0,0
639,mario + rabbids kingdom battle –,PC,Other,Action,1,0,0,0,0,0,0,1,0,0,0,0
640,sonic mania –,PC,Other,Action,1,0,0,0,0,0,0,0,1,0,0,0
641,golf story –,PC,Other,Action,1,0,0,0,0,0,0,0,0,1,0,0
642,thimbleweed park –,PC,Other,Action,1,0,0,0,0,0,0,0,0,0,1,0
645,strikers 1945,PC,Other,Action,1,0,0,0,0,0,0,0,0,1,0,0
646,dota2 (7.06),PC,Other,Action,1,0,0,0,0,0,0,1,0,0,0,0
647,electric highways,PC,Other,Action,1,0,0,0,0,0,0,0,0,1,0,0
648,pathologic the marble nest,PC,Other,Action,1,0,0,0,0,0,0,0,0,0,1,0
649,batman arkham vr,PC,Other,Action,1,0,0,0,0,0,0,0,1,0,0,0
651,the jackbox party pack 4,PC,Other,Action,1,0,0,0,0,0,0,0,0,1,0,0
652,utawarerumono mask of deception,PC,Other,Action,1,0,0,0,0,0,0,0,0,0,1,1
662,butcher,PC,Other,Action,1,0,0,0,0,0,0,0,0,1,0,0
663,resident evil vii biohazzard,PC,Other,Action,1,0,0,0,0,0,0,1,0,0,0,0
664,monster seeking monster,PC,Other,Action,1,0,0,0,0,0,0,0,0,0,1,0
667,playerunknown’s battlegrounds,PC,Other,Action,1,0,0,0,0,0,0,1,0,0,0,0
669,yonder the cloud catcher chronicles,PC,Other,Action,1,0,0,0,0,0,0,0,1,0,0,0
674,wipeout omega,PC,Other,Action,1,0,0,0,0,0,0,0,1,0,0,0
678,tank warfare tunisia 1943,PC,Other,Action,1,0,0,0,0,0,0,0,1,0,0,0
680,wuppo,PC,Other,Action,1,0,0,0,0,0,0,0,0,1,0,0
681,wolfenstein 2 the new collossus,PC,Other,Action,1,0,0,0,0,0,0,0,1,0,0,0
684,dead by daylight,PC,Other,Action,1,0,0,0,0,0,0,0,0,1,0,0
689,woldenstein 2 the new colossus,PC,Other,Action,1,0,0,0,0,0,0,0,0,0,1,0
690,phantom dust,PC,Other,Action,1,0,0,0,0,0,0,0,1,0,0,0
692,shovel knight spector of torment,PC,Other,Action,1,0,0,0,0,0,0,0,0,1,0,0
700,binding of isaac,PC,Other,Action,1,0,0,0,0,0,0,0,1,0,0,0
701,doom switch,PC,Other,Action,1,0,0,0,0,0,0,0,0,1,0,0
702,mario kart 8 switch,PC,Other,Action,1,0,0,0,0,0,0,0,0,0,1,0
705,matterfall,PC,Other,Action,1,0,0,0,0,0,0,0,0,0,1,0
712,unworded,PC,Other,Action,1,0,0,0,0,0,0,0,1,0,0,0
713,hackyzack,PC,Other,Action,1,0,0,0,0,0,0,0,0,0,1,0
720,cuphead hard and rewarding gameplay with a beatiful animation style,PC,Other,Action,1,0,0,0,0,0,0,1,0,0,0,0
721,"metroid samus returns samus is back baby, in this amazing reimagination of the original game, improving it even further",PC,Other,Action,1,0,0,0,0,0,0,0,1,0,0,0
722,"wolfenstein ii the new colossus very nice shooter, which build and improves on the first one a great deal",PC,Other,Action,1,0,0,0,0,0,0,0,0,1,0,0
723,"mario + rabbids kingdom battle xcom game but with nintendo characters, whats not to love ?",PC,Other,Action,1,0,0,0,0,0,0,0,0,0,1,0
728,toukiden 2,PC,Other,Action,1,0,0,0,0,0,0,0,0,1,0,0
729,prey 2,PC,Other,Action,1,0,0,0,0,0,0,0,0,1,0,0
735,stared valley,PC,Other,Action,1,0,0,0,0,0,0,0,0,0,1,0
738,super hot vr,PC,Other,Action,1,0,0,0,0,0,0,0,0,1,0,0
743,thumper,PC,Other,Action,1,0,0,0,0,0,0,0,0,1,0,0
744,everbodys golf,PC,Other,Action,1,0,0,0,0,0,0,0,0,0,1,0
745,battle garegga rev. 2016,PC,Other,Action,1,0,0,0,0,0,0,1,0,0,0,0
746,assassin`s creed origins,PC,Other,Action,1,0,0,0,0,0,0,0,0,1,0,0
748,dujanah,PC,Other,Action,1,0,0,0,0,0,0,0,1,0,0,0
41,cat quest,pc ps4 ios nsw,pqube limited,rpg,0,0,0,0,0,0,0,0,0,0,0,2
81,echo,ps4 pc,ultra ultra,action adventure,0,0,0,0,0,0,0,0,0,0,0,1
148,hidden folks,ios pc,adriaan de jongh and sylvian tegroeg,puzzle,0,0,0,0,0,0,0,0,0,0,0,2
279,slayaway camp,ios and,blue wizard digial lp,horror remake,0,0,0,0,0,0,0,0,0,0,0,1
305,starcrawlers,pc,juggernaut games,rpg,0,0,0,0,0,0,0,0,0,0,0,1
407,game a,PC,Other,Action,0,0,0,0,0,0,0,0,0,0,0,1
408,game b,PC,Other,Action,0,0,0,0,0,0,0,0,0,0,0,1
409,game c,PC,Other,Action,0,0,0,0,0,0,0,0,0,0,0,1
410,game d,PC,Other,Action,0,0,0,0,0,0,0,0,0,0,0,1
411,game e,PC,Other,Action,0,0,0,0,0,0,0,0,0,0,0,1
412,game f,PC,Other,Action,0,0,0,0,0,0,0,0,0,0,0,1
413,game g,PC,Other,Action,0,0,0,0,0,0,0,0,0,0,0,1
417,game k,PC,Other,Action,0,0,0,0,0,0,0,0,0,0,0,3
418,game l,PC,Other,Action,0,0,0,0,0,0,0,0,0,0,0,3
493,kingdom hearts 0.2 a fragmentary passage,PC,Other,Action,0,0,0,0,0,0,0,0,0,0,0,1
570,human recourse machine,PC,Other,Action,0,0,0,0,0,0,0,0,0,0,0,1
622,"snipperclips cut it out, together",PC,Other,Action,0,0,0,0,0,0,0,0,0,0,0,1
632,wolfenstien ii the new colossus,PC,Other,Action,0,0,0,0,0,0,0,0,0,0,0,1
653,dies irae,PC,Other,Action,0,0,0,0,0,0,0,0,0,0,0,1
654,fashioning little miss lonesome,PC,Other,Action,0,0,0,0,0,0,0,0,0,0,0,1
655,fate extella,PC,Other,Action,0,0,0,0,0,0,0,0,0,0,0,1
725,wonder boy the dragon’s trap,PC,Other,Action,0,0,0,0,0,0,0,0,0,0,0,1
739,planescape torment numenera,PC,Other,Action,0,0,0,0,0,0,0,0,0,0,0,1
741,speedrunners,PC,Other,Action,0,0,0,0,0,0,0,0,0,0,0,1
749,no mans sky,PC,Other,Action,0,0,0,0,0,0,0,0,0,0,0,1
750,the mass effect trilogy,PC,Other,Action,0,0,0,0,0,0,0,0,0,0,0,1
